<?xml version="1.0" encoding="UTF-8"?>
<point_cloud version="1.2.0">
  <tracks path="tracks.ply" count="39011"/>
  <points path="points.ply" count="35435"/>
  <projections camera_id="0" path="p0.ply" count="762"/>
  <projections camera_id="1" path="p1.ply" count="750"/>
  <projections camera_id="2" path="p2.ply" count="1117"/>
  <projections camera_id="3" path="p3.ply" count="2423"/>
  <projections camera_id="4" path="p4.ply" count="2671"/>
  <projections camera_id="5" path="p5.ply" count="3059"/>
  <projections camera_id="6" path="p6.ply" count="2717"/>
  <projections camera_id="7" path="p7.ply" count="2520"/>
  <projections camera_id="8" path="p8.ply" count="1508"/>
  <projections camera_id="9" path="p9.ply" count="1289"/>
  <projections camera_id="10" path="p10.ply" count="1852"/>
  <projections camera_id="11" path="p11.ply" count="2001"/>
  <projections camera_id="12" path="p12.ply" count="1836"/>
  <projections camera_id="13" path="p13.ply" count="1819"/>
  <projections camera_id="14" path="p14.ply" count="3987"/>
  <projections camera_id="15" path="p15.ply" count="3274"/>
  <projections camera_id="16" path="p16.ply" count="4201"/>
  <projections camera_id="17" path="p17.ply" count="4239"/>
  <projections camera_id="18" path="p18.ply" count="3998"/>
  <projections camera_id="19" path="p19.ply" count="4245"/>
  <projections camera_id="20" path="p20.ply" count="4006"/>
  <projections camera_id="21" path="p21.ply" count="4016"/>
  <projections camera_id="22" path="p22.ply" count="3837"/>
  <projections camera_id="23" path="p23.ply" count="3132"/>
  <projections camera_id="24" path="p24.ply" count="2544"/>
  <projections camera_id="25" path="p25.ply" count="3518"/>
  <projections camera_id="26" path="p26.ply" count="4255"/>
  <projections camera_id="27" path="p27.ply" count="1635"/>
  <projections camera_id="28" path="p28.ply" count="822"/>
  <projections camera_id="29" path="p29.ply" count="617"/>
  <projections camera_id="30" path="p30.ply" count="755"/>
  <projections camera_id="31" path="p31.ply" count="1174"/>
  <projections camera_id="32" path="p32.ply" count="1216"/>
  <projections camera_id="33" path="p33.ply" count="178"/>
  <projections camera_id="34" path="p34.ply" count="490"/>
  <projections camera_id="35" path="p35.ply" count="23"/>
  <projections camera_id="36" path="p36.ply" count="1249"/>
  <projections camera_id="37" path="p37.ply" count="3201"/>
  <projections camera_id="38" path="p38.ply" count="3309"/>
  <projections camera_id="39" path="p39.ply" count="3131"/>
  <projections camera_id="40" path="p40.ply" count="2982"/>
  <projections camera_id="41" path="p41.ply" count="2474"/>
  <projections camera_id="42" path="p42.ply" count="1310"/>
  <projections camera_id="43" path="p43.ply" count="1264"/>
  <projections camera_id="44" path="p44.ply" count="1211"/>
  <projections camera_id="45" path="p45.ply" count="1119"/>
  <projections camera_id="46" path="p46.ply" count="1294"/>
  <projections camera_id="47" path="p47.ply" count="858"/>
  <projections camera_id="48" path="p48.ply" count="1387"/>
  <projections camera_id="49" path="p49.ply" count="946"/>
  <projections camera_id="50" path="p50.ply" count="1566"/>
  <projections camera_id="51" path="p51.ply" count="1578"/>
  <projections camera_id="52" path="p52.ply" count="1226"/>
  <projections camera_id="53" path="p53.ply" count="1078"/>
  <projections camera_id="54" path="p54.ply" count="429"/>
  <projections camera_id="55" path="p55.ply" count="502"/>
  <projections camera_id="56" path="p56.ply" count="260"/>
  <projections camera_id="57" path="p57.ply" count="823"/>
  <projections camera_id="58" path="p58.ply" count="1633"/>
  <projections camera_id="59" path="p59.ply" count="4002"/>
  <meta>
    <property name="match/duration" value="324.419428"/>
    <property name="match/match_downscale" value="2"/>
    <property name="match/match_filter_mask" value="false"/>
    <property name="match/match_point_limit" value="40000"/>
    <property name="match/match_select_pairs" value="1"/>
    <property name="match/match_tiepoint_limit" value="4000"/>
  </meta>
</point_cloud>
