<?xml version="1.0" encoding="UTF-8"?>
<frame>
  <cameras>
    <camera camera_id="0">
      <photo path="../../../images/DSC_0254.JPG">
        <meta>
          <property name="Exif/DateTime" value="2016:10:28 16:21:27"/>
          <property name="Exif/DateTimeOriginal" value="2016:10:28 16:21:27"/>
          <property name="Exif/ExposureTime" value="0.01"/>
          <property name="Exif/FNumber" value="3.5"/>
          <property name="Exif/FocalLength" value="18"/>
          <property name="Exif/FocalLengthIn35mmFilm" value="27"/>
          <property name="Exif/ISOSpeedRatings" value="1600"/>
          <property name="Exif/Make" value="NIKON CORPORATION"/>
          <property name="Exif/Model" value="NIKON D5100"/>
          <property name="Exif/Orientation" value="1"/>
          <property name="Exif/Software" value="Ver.1.01 "/>
          <property name="File/ImageHeight" value="3264"/>
          <property name="File/ImageWidth" value="4928"/>
          <property name="System/FileModifyDate" value="2016:10:28 16:21:28"/>
          <property name="System/FileSize" value="6877544"/>
        </meta>
      </photo>
    </camera>
    <camera camera_id="1">
      <photo path="../../../images/DSC_0255.JPG">
        <meta>
          <property name="Exif/DateTime" value="2016:10:28 16:21:33"/>
          <property name="Exif/DateTimeOriginal" value="2016:10:28 16:21:33"/>
          <property name="Exif/ExposureTime" value="0.0125"/>
          <property name="Exif/FNumber" value="3.5"/>
          <property name="Exif/FocalLength" value="18"/>
          <property name="Exif/FocalLengthIn35mmFilm" value="27"/>
          <property name="Exif/ISOSpeedRatings" value="1600"/>
          <property name="Exif/Make" value="NIKON CORPORATION"/>
          <property name="Exif/Model" value="NIKON D5100"/>
          <property name="Exif/Orientation" value="1"/>
          <property name="Exif/Software" value="Ver.1.01 "/>
          <property name="File/ImageHeight" value="3264"/>
          <property name="File/ImageWidth" value="4928"/>
          <property name="System/FileModifyDate" value="2016:10:28 16:21:34"/>
          <property name="System/FileSize" value="6970648"/>
        </meta>
      </photo>
    </camera>
    <camera camera_id="2">
      <photo path="../../../images/DSC_0256.JPG">
        <meta>
          <property name="Exif/DateTime" value="2016:10:28 16:21:35"/>
          <property name="Exif/DateTimeOriginal" value="2016:10:28 16:21:35"/>
          <property name="Exif/ExposureTime" value="0.0125"/>
          <property name="Exif/FNumber" value="3.5"/>
          <property name="Exif/FocalLength" value="18"/>
          <property name="Exif/FocalLengthIn35mmFilm" value="27"/>
          <property name="Exif/ISOSpeedRatings" value="1600"/>
          <property name="Exif/Make" value="NIKON CORPORATION"/>
          <property name="Exif/Model" value="NIKON D5100"/>
          <property name="Exif/Orientation" value="1"/>
          <property name="Exif/Software" value="Ver.1.01 "/>
          <property name="File/ImageHeight" value="3264"/>
          <property name="File/ImageWidth" value="4928"/>
          <property name="System/FileModifyDate" value="2016:10:28 16:21:36"/>
          <property name="System/FileSize" value="6982644"/>
        </meta>
      </photo>
    </camera>
    <camera camera_id="3">
      <photo path="../../../images/DSC_0257.JPG">
        <meta>
          <property name="Exif/DateTime" value="2016:10:28 16:21:36"/>
          <property name="Exif/DateTimeOriginal" value="2016:10:28 16:21:36"/>
          <property name="Exif/ExposureTime" value="0.0125"/>
          <property name="Exif/FNumber" value="3.5"/>
          <property name="Exif/FocalLength" value="18"/>
          <property name="Exif/FocalLengthIn35mmFilm" value="27"/>
          <property name="Exif/ISOSpeedRatings" value="1600"/>
          <property name="Exif/Make" value="NIKON CORPORATION"/>
          <property name="Exif/Model" value="NIKON D5100"/>
          <property name="Exif/Orientation" value="1"/>
          <property name="Exif/Software" value="Ver.1.01 "/>
          <property name="File/ImageHeight" value="3264"/>
          <property name="File/ImageWidth" value="4928"/>
          <property name="System/FileModifyDate" value="2016:10:28 16:21:36"/>
          <property name="System/FileSize" value="7021376"/>
        </meta>
      </photo>
    </camera>
    <camera camera_id="4">
      <photo path="../../../images/DSC_0258.JPG">
        <meta>
          <property name="Exif/DateTime" value="2016:10:28 16:21:37"/>
          <property name="Exif/DateTimeOriginal" value="2016:10:28 16:21:37"/>
          <property name="Exif/ExposureTime" value="0.008"/>
          <property name="Exif/FNumber" value="3.5"/>
          <property name="Exif/FocalLength" value="18"/>
          <property name="Exif/FocalLengthIn35mmFilm" value="27"/>
          <property name="Exif/ISOSpeedRatings" value="1600"/>
          <property name="Exif/Make" value="NIKON CORPORATION"/>
          <property name="Exif/Model" value="NIKON D5100"/>
          <property name="Exif/Orientation" value="1"/>
          <property name="Exif/Software" value="Ver.1.01 "/>
          <property name="File/ImageHeight" value="3264"/>
          <property name="File/ImageWidth" value="4928"/>
          <property name="System/FileModifyDate" value="2016:10:28 16:21:38"/>
          <property name="System/FileSize" value="7049766"/>
        </meta>
      </photo>
    </camera>
    <camera camera_id="5">
      <photo path="../../../images/DSC_0259.JPG">
        <meta>
          <property name="Exif/DateTime" value="2016:10:28 16:21:38"/>
          <property name="Exif/DateTimeOriginal" value="2016:10:28 16:21:38"/>
          <property name="Exif/ExposureTime" value="0.01"/>
          <property name="Exif/FNumber" value="3.5"/>
          <property name="Exif/FocalLength" value="18"/>
          <property name="Exif/FocalLengthIn35mmFilm" value="27"/>
          <property name="Exif/ISOSpeedRatings" value="1600"/>
          <property name="Exif/Make" value="NIKON CORPORATION"/>
          <property name="Exif/Model" value="NIKON D5100"/>
          <property name="Exif/Orientation" value="1"/>
          <property name="Exif/Software" value="Ver.1.01 "/>
          <property name="File/ImageHeight" value="3264"/>
          <property name="File/ImageWidth" value="4928"/>
          <property name="System/FileModifyDate" value="2016:10:28 16:21:38"/>
          <property name="System/FileSize" value="7107398"/>
        </meta>
      </photo>
    </camera>
    <camera camera_id="6">
      <photo path="../../../images/DSC_0260.JPG">
        <meta>
          <property name="Exif/DateTime" value="2016:10:28 16:21:39"/>
          <property name="Exif/DateTimeOriginal" value="2016:10:28 16:21:39"/>
          <property name="Exif/ExposureTime" value="0.01"/>
          <property name="Exif/FNumber" value="3.5"/>
          <property name="Exif/FocalLength" value="18"/>
          <property name="Exif/FocalLengthIn35mmFilm" value="27"/>
          <property name="Exif/ISOSpeedRatings" value="1600"/>
          <property name="Exif/Make" value="NIKON CORPORATION"/>
          <property name="Exif/Model" value="NIKON D5100"/>
          <property name="Exif/Orientation" value="1"/>
          <property name="Exif/Software" value="Ver.1.01 "/>
          <property name="File/ImageHeight" value="3264"/>
          <property name="File/ImageWidth" value="4928"/>
          <property name="System/FileModifyDate" value="2016:10:28 16:21:40"/>
          <property name="System/FileSize" value="7239240"/>
        </meta>
      </photo>
    </camera>
    <camera camera_id="7">
      <photo path="../../../images/DSC_0261.JPG">
        <meta>
          <property name="Exif/DateTime" value="2016:10:28 16:21:40"/>
          <property name="Exif/DateTimeOriginal" value="2016:10:28 16:21:40"/>
          <property name="Exif/ExposureTime" value="0.0125"/>
          <property name="Exif/FNumber" value="3.5"/>
          <property name="Exif/FocalLength" value="18"/>
          <property name="Exif/FocalLengthIn35mmFilm" value="27"/>
          <property name="Exif/ISOSpeedRatings" value="1600"/>
          <property name="Exif/Make" value="NIKON CORPORATION"/>
          <property name="Exif/Model" value="NIKON D5100"/>
          <property name="Exif/Orientation" value="1"/>
          <property name="Exif/Software" value="Ver.1.01 "/>
          <property name="File/ImageHeight" value="3264"/>
          <property name="File/ImageWidth" value="4928"/>
          <property name="System/FileModifyDate" value="2016:10:28 16:21:40"/>
          <property name="System/FileSize" value="7096734"/>
        </meta>
      </photo>
    </camera>
    <camera camera_id="8">
      <photo path="../../../images/DSC_0262.JPG">
        <meta>
          <property name="Exif/DateTime" value="2016:10:28 16:21:41"/>
          <property name="Exif/DateTimeOriginal" value="2016:10:28 16:21:41"/>
          <property name="Exif/ExposureTime" value="0.01"/>
          <property name="Exif/FNumber" value="3.5"/>
          <property name="Exif/FocalLength" value="18"/>
          <property name="Exif/FocalLengthIn35mmFilm" value="27"/>
          <property name="Exif/ISOSpeedRatings" value="1600"/>
          <property name="Exif/Make" value="NIKON CORPORATION"/>
          <property name="Exif/Model" value="NIKON D5100"/>
          <property name="Exif/Orientation" value="1"/>
          <property name="Exif/Software" value="Ver.1.01 "/>
          <property name="File/ImageHeight" value="3264"/>
          <property name="File/ImageWidth" value="4928"/>
          <property name="System/FileModifyDate" value="2016:10:28 16:21:42"/>
          <property name="System/FileSize" value="7393525"/>
        </meta>
      </photo>
    </camera>
    <camera camera_id="9">
      <photo path="../../../images/DSC_0263.JPG">
        <meta>
          <property name="Exif/DateTime" value="2016:10:28 16:21:46"/>
          <property name="Exif/DateTimeOriginal" value="2016:10:28 16:21:46"/>
          <property name="Exif/ExposureTime" value="0.0125"/>
          <property name="Exif/FNumber" value="3.5"/>
          <property name="Exif/FocalLength" value="18"/>
          <property name="Exif/FocalLengthIn35mmFilm" value="27"/>
          <property name="Exif/ISOSpeedRatings" value="1600"/>
          <property name="Exif/Make" value="NIKON CORPORATION"/>
          <property name="Exif/Model" value="NIKON D5100"/>
          <property name="Exif/Orientation" value="1"/>
          <property name="Exif/Software" value="Ver.1.01 "/>
          <property name="File/ImageHeight" value="3264"/>
          <property name="File/ImageWidth" value="4928"/>
          <property name="System/FileModifyDate" value="2016:10:28 16:21:46"/>
          <property name="System/FileSize" value="6759636"/>
        </meta>
      </photo>
    </camera>
    <camera camera_id="10">
      <photo path="../../../images/DSC_0264.JPG">
        <meta>
          <property name="Exif/DateTime" value="2016:10:28 16:21:47"/>
          <property name="Exif/DateTimeOriginal" value="2016:10:28 16:21:47"/>
          <property name="Exif/ExposureTime" value="0.0125"/>
          <property name="Exif/FNumber" value="3.5"/>
          <property name="Exif/FocalLength" value="18"/>
          <property name="Exif/FocalLengthIn35mmFilm" value="27"/>
          <property name="Exif/ISOSpeedRatings" value="1600"/>
          <property name="Exif/Make" value="NIKON CORPORATION"/>
          <property name="Exif/Model" value="NIKON D5100"/>
          <property name="Exif/Orientation" value="1"/>
          <property name="Exif/Software" value="Ver.1.01 "/>
          <property name="File/ImageHeight" value="3264"/>
          <property name="File/ImageWidth" value="4928"/>
          <property name="System/FileModifyDate" value="2016:10:28 16:21:48"/>
          <property name="System/FileSize" value="7037848"/>
        </meta>
      </photo>
    </camera>
    <camera camera_id="11">
      <photo path="../../../images/DSC_0265.JPG">
        <meta>
          <property name="Exif/DateTime" value="2016:10:28 16:21:48"/>
          <property name="Exif/DateTimeOriginal" value="2016:10:28 16:21:48"/>
          <property name="Exif/ExposureTime" value="0.0166666666666667"/>
          <property name="Exif/FNumber" value="3.5"/>
          <property name="Exif/FocalLength" value="18"/>
          <property name="Exif/FocalLengthIn35mmFilm" value="27"/>
          <property name="Exif/ISOSpeedRatings" value="1600"/>
          <property name="Exif/Make" value="NIKON CORPORATION"/>
          <property name="Exif/Model" value="NIKON D5100"/>
          <property name="Exif/Orientation" value="1"/>
          <property name="Exif/Software" value="Ver.1.01 "/>
          <property name="File/ImageHeight" value="3264"/>
          <property name="File/ImageWidth" value="4928"/>
          <property name="System/FileModifyDate" value="2016:10:28 16:21:48"/>
          <property name="System/FileSize" value="6978715"/>
        </meta>
      </photo>
    </camera>
    <camera camera_id="12">
      <photo path="../../../images/DSC_0266.JPG">
        <meta>
          <property name="Exif/DateTime" value="2016:10:28 16:21:49"/>
          <property name="Exif/DateTimeOriginal" value="2016:10:28 16:21:49"/>
          <property name="Exif/ExposureTime" value="0.0166666666666667"/>
          <property name="Exif/FNumber" value="3.5"/>
          <property name="Exif/FocalLength" value="18"/>
          <property name="Exif/FocalLengthIn35mmFilm" value="27"/>
          <property name="Exif/ISOSpeedRatings" value="1600"/>
          <property name="Exif/Make" value="NIKON CORPORATION"/>
          <property name="Exif/Model" value="NIKON D5100"/>
          <property name="Exif/Orientation" value="1"/>
          <property name="Exif/Software" value="Ver.1.01 "/>
          <property name="File/ImageHeight" value="3264"/>
          <property name="File/ImageWidth" value="4928"/>
          <property name="System/FileModifyDate" value="2016:10:28 16:21:50"/>
          <property name="System/FileSize" value="6974018"/>
        </meta>
      </photo>
    </camera>
    <camera camera_id="13">
      <photo path="../../../images/DSC_0267.JPG">
        <meta>
          <property name="Exif/DateTime" value="2016:10:28 16:21:53"/>
          <property name="Exif/DateTimeOriginal" value="2016:10:28 16:21:53"/>
          <property name="Exif/ExposureTime" value="0.01"/>
          <property name="Exif/FNumber" value="3.5"/>
          <property name="Exif/FocalLength" value="18"/>
          <property name="Exif/FocalLengthIn35mmFilm" value="27"/>
          <property name="Exif/ISOSpeedRatings" value="1600"/>
          <property name="Exif/Make" value="NIKON CORPORATION"/>
          <property name="Exif/Model" value="NIKON D5100"/>
          <property name="Exif/Orientation" value="1"/>
          <property name="Exif/Software" value="Ver.1.01 "/>
          <property name="File/ImageHeight" value="3264"/>
          <property name="File/ImageWidth" value="4928"/>
          <property name="System/FileModifyDate" value="2016:10:28 16:21:54"/>
          <property name="System/FileSize" value="7509687"/>
        </meta>
      </photo>
    </camera>
    <camera camera_id="14">
      <photo path="../../../images/DSC_0268.JPG">
        <meta>
          <property name="Exif/DateTime" value="2016:10:28 16:21:54"/>
          <property name="Exif/DateTimeOriginal" value="2016:10:28 16:21:54"/>
          <property name="Exif/ExposureTime" value="0.0125"/>
          <property name="Exif/FNumber" value="3.5"/>
          <property name="Exif/FocalLength" value="18"/>
          <property name="Exif/FocalLengthIn35mmFilm" value="27"/>
          <property name="Exif/ISOSpeedRatings" value="1600"/>
          <property name="Exif/Make" value="NIKON CORPORATION"/>
          <property name="Exif/Model" value="NIKON D5100"/>
          <property name="Exif/Orientation" value="1"/>
          <property name="Exif/Software" value="Ver.1.01 "/>
          <property name="File/ImageHeight" value="3264"/>
          <property name="File/ImageWidth" value="4928"/>
          <property name="System/FileModifyDate" value="2016:10:28 16:21:54"/>
          <property name="System/FileSize" value="7586952"/>
        </meta>
      </photo>
    </camera>
    <camera camera_id="15">
      <photo path="../../../images/DSC_0269.JPG">
        <meta>
          <property name="Exif/DateTime" value="2016:10:28 16:21:56"/>
          <property name="Exif/DateTimeOriginal" value="2016:10:28 16:21:56"/>
          <property name="Exif/ExposureTime" value="0.01"/>
          <property name="Exif/FNumber" value="3.5"/>
          <property name="Exif/FocalLength" value="18"/>
          <property name="Exif/FocalLengthIn35mmFilm" value="27"/>
          <property name="Exif/ISOSpeedRatings" value="1600"/>
          <property name="Exif/Make" value="NIKON CORPORATION"/>
          <property name="Exif/Model" value="NIKON D5100"/>
          <property name="Exif/Orientation" value="1"/>
          <property name="Exif/Software" value="Ver.1.01 "/>
          <property name="File/ImageHeight" value="3264"/>
          <property name="File/ImageWidth" value="4928"/>
          <property name="System/FileModifyDate" value="2016:10:28 16:21:56"/>
          <property name="System/FileSize" value="7751757"/>
        </meta>
      </photo>
    </camera>
    <camera camera_id="16">
      <photo path="../../../images/DSC_0270.JPG">
        <meta>
          <property name="Exif/DateTime" value="2016:10:28 16:21:57"/>
          <property name="Exif/DateTimeOriginal" value="2016:10:28 16:21:57"/>
          <property name="Exif/ExposureTime" value="0.008"/>
          <property name="Exif/FNumber" value="3.5"/>
          <property name="Exif/FocalLength" value="18"/>
          <property name="Exif/FocalLengthIn35mmFilm" value="27"/>
          <property name="Exif/ISOSpeedRatings" value="1600"/>
          <property name="Exif/Make" value="NIKON CORPORATION"/>
          <property name="Exif/Model" value="NIKON D5100"/>
          <property name="Exif/Orientation" value="1"/>
          <property name="Exif/Software" value="Ver.1.01 "/>
          <property name="File/ImageHeight" value="3264"/>
          <property name="File/ImageWidth" value="4928"/>
          <property name="System/FileModifyDate" value="2016:10:28 16:21:58"/>
          <property name="System/FileSize" value="7797485"/>
        </meta>
      </photo>
    </camera>
    <camera camera_id="17">
      <photo path="../../../images/DSC_0271.JPG">
        <meta>
          <property name="Exif/DateTime" value="2016:10:28 16:21:58"/>
          <property name="Exif/DateTimeOriginal" value="2016:10:28 16:21:58"/>
          <property name="Exif/ExposureTime" value="0.008"/>
          <property name="Exif/FNumber" value="3.5"/>
          <property name="Exif/FocalLength" value="18"/>
          <property name="Exif/FocalLengthIn35mmFilm" value="27"/>
          <property name="Exif/ISOSpeedRatings" value="1600"/>
          <property name="Exif/Make" value="NIKON CORPORATION"/>
          <property name="Exif/Model" value="NIKON D5100"/>
          <property name="Exif/Orientation" value="1"/>
          <property name="Exif/Software" value="Ver.1.01 "/>
          <property name="File/ImageHeight" value="3264"/>
          <property name="File/ImageWidth" value="4928"/>
          <property name="System/FileModifyDate" value="2016:10:28 16:21:58"/>
          <property name="System/FileSize" value="7785195"/>
        </meta>
      </photo>
    </camera>
    <camera camera_id="18">
      <photo path="../../../images/DSC_0272.JPG">
        <meta>
          <property name="Exif/DateTime" value="2016:10:28 16:22:00"/>
          <property name="Exif/DateTimeOriginal" value="2016:10:28 16:22:00"/>
          <property name="Exif/ExposureTime" value="0.008"/>
          <property name="Exif/FNumber" value="3.5"/>
          <property name="Exif/FocalLength" value="18"/>
          <property name="Exif/FocalLengthIn35mmFilm" value="27"/>
          <property name="Exif/ISOSpeedRatings" value="1600"/>
          <property name="Exif/Make" value="NIKON CORPORATION"/>
          <property name="Exif/Model" value="NIKON D5100"/>
          <property name="Exif/Orientation" value="1"/>
          <property name="Exif/Software" value="Ver.1.01 "/>
          <property name="File/ImageHeight" value="3264"/>
          <property name="File/ImageWidth" value="4928"/>
          <property name="System/FileModifyDate" value="2016:10:28 16:22:00"/>
          <property name="System/FileSize" value="7739005"/>
        </meta>
      </photo>
    </camera>
    <camera camera_id="19">
      <photo path="../../../images/DSC_0273.JPG">
        <meta>
          <property name="Exif/DateTime" value="2016:10:28 16:22:01"/>
          <property name="Exif/DateTimeOriginal" value="2016:10:28 16:22:01"/>
          <property name="Exif/ExposureTime" value="0.01"/>
          <property name="Exif/FNumber" value="3.5"/>
          <property name="Exif/FocalLength" value="18"/>
          <property name="Exif/FocalLengthIn35mmFilm" value="27"/>
          <property name="Exif/ISOSpeedRatings" value="1600"/>
          <property name="Exif/Make" value="NIKON CORPORATION"/>
          <property name="Exif/Model" value="NIKON D5100"/>
          <property name="Exif/Orientation" value="1"/>
          <property name="Exif/Software" value="Ver.1.01 "/>
          <property name="File/ImageHeight" value="3264"/>
          <property name="File/ImageWidth" value="4928"/>
          <property name="System/FileModifyDate" value="2016:10:28 16:22:02"/>
          <property name="System/FileSize" value="7420275"/>
        </meta>
      </photo>
    </camera>
    <camera camera_id="20">
      <photo path="../../../images/DSC_0274.JPG">
        <meta>
          <property name="Exif/DateTime" value="2016:10:28 16:22:02"/>
          <property name="Exif/DateTimeOriginal" value="2016:10:28 16:22:02"/>
          <property name="Exif/ExposureTime" value="0.01"/>
          <property name="Exif/FNumber" value="3.5"/>
          <property name="Exif/FocalLength" value="18"/>
          <property name="Exif/FocalLengthIn35mmFilm" value="27"/>
          <property name="Exif/ISOSpeedRatings" value="1600"/>
          <property name="Exif/Make" value="NIKON CORPORATION"/>
          <property name="Exif/Model" value="NIKON D5100"/>
          <property name="Exif/Orientation" value="1"/>
          <property name="Exif/Software" value="Ver.1.01 "/>
          <property name="File/ImageHeight" value="3264"/>
          <property name="File/ImageWidth" value="4928"/>
          <property name="System/FileModifyDate" value="2016:10:28 16:22:02"/>
          <property name="System/FileSize" value="7590309"/>
        </meta>
      </photo>
    </camera>
    <camera camera_id="21">
      <photo path="../../../images/DSC_0275.JPG">
        <meta>
          <property name="Exif/DateTime" value="2016:10:28 16:22:03"/>
          <property name="Exif/DateTimeOriginal" value="2016:10:28 16:22:03"/>
          <property name="Exif/ExposureTime" value="0.01"/>
          <property name="Exif/FNumber" value="3.5"/>
          <property name="Exif/FocalLength" value="18"/>
          <property name="Exif/FocalLengthIn35mmFilm" value="27"/>
          <property name="Exif/ISOSpeedRatings" value="1600"/>
          <property name="Exif/Make" value="NIKON CORPORATION"/>
          <property name="Exif/Model" value="NIKON D5100"/>
          <property name="Exif/Orientation" value="1"/>
          <property name="Exif/Software" value="Ver.1.01 "/>
          <property name="File/ImageHeight" value="3264"/>
          <property name="File/ImageWidth" value="4928"/>
          <property name="System/FileModifyDate" value="2016:10:28 16:22:04"/>
          <property name="System/FileSize" value="7469858"/>
        </meta>
      </photo>
    </camera>
    <camera camera_id="22">
      <photo path="../../../images/DSC_0276.JPG">
        <meta>
          <property name="Exif/DateTime" value="2016:10:28 16:22:04"/>
          <property name="Exif/DateTimeOriginal" value="2016:10:28 16:22:04"/>
          <property name="Exif/ExposureTime" value="0.01"/>
          <property name="Exif/FNumber" value="3.5"/>
          <property name="Exif/FocalLength" value="18"/>
          <property name="Exif/FocalLengthIn35mmFilm" value="27"/>
          <property name="Exif/ISOSpeedRatings" value="1600"/>
          <property name="Exif/Make" value="NIKON CORPORATION"/>
          <property name="Exif/Model" value="NIKON D5100"/>
          <property name="Exif/Orientation" value="1"/>
          <property name="Exif/Software" value="Ver.1.01 "/>
          <property name="File/ImageHeight" value="3264"/>
          <property name="File/ImageWidth" value="4928"/>
          <property name="System/FileModifyDate" value="2016:10:28 16:22:04"/>
          <property name="System/FileSize" value="7548606"/>
        </meta>
      </photo>
    </camera>
    <camera camera_id="23">
      <photo path="../../../images/DSC_0277.JPG">
        <meta>
          <property name="Exif/DateTime" value="2016:10:28 16:22:05"/>
          <property name="Exif/DateTimeOriginal" value="2016:10:28 16:22:05"/>
          <property name="Exif/ExposureTime" value="0.01"/>
          <property name="Exif/FNumber" value="3.5"/>
          <property name="Exif/FocalLength" value="18"/>
          <property name="Exif/FocalLengthIn35mmFilm" value="27"/>
          <property name="Exif/ISOSpeedRatings" value="1600"/>
          <property name="Exif/Make" value="NIKON CORPORATION"/>
          <property name="Exif/Model" value="NIKON D5100"/>
          <property name="Exif/Orientation" value="1"/>
          <property name="Exif/Software" value="Ver.1.01 "/>
          <property name="File/ImageHeight" value="3264"/>
          <property name="File/ImageWidth" value="4928"/>
          <property name="System/FileModifyDate" value="2016:10:28 16:22:06"/>
          <property name="System/FileSize" value="7533142"/>
        </meta>
      </photo>
    </camera>
    <camera camera_id="24">
      <photo path="../../../images/DSC_0278.JPG">
        <meta>
          <property name="Exif/DateTime" value="2016:10:28 16:22:06"/>
          <property name="Exif/DateTimeOriginal" value="2016:10:28 16:22:06"/>
          <property name="Exif/ExposureTime" value="0.008"/>
          <property name="Exif/FNumber" value="3.5"/>
          <property name="Exif/FocalLength" value="18"/>
          <property name="Exif/FocalLengthIn35mmFilm" value="27"/>
          <property name="Exif/ISOSpeedRatings" value="1600"/>
          <property name="Exif/Make" value="NIKON CORPORATION"/>
          <property name="Exif/Model" value="NIKON D5100"/>
          <property name="Exif/Orientation" value="1"/>
          <property name="Exif/Software" value="Ver.1.01 "/>
          <property name="File/ImageHeight" value="3264"/>
          <property name="File/ImageWidth" value="4928"/>
          <property name="System/FileModifyDate" value="2016:10:28 16:22:06"/>
          <property name="System/FileSize" value="7757202"/>
        </meta>
      </photo>
    </camera>
    <camera camera_id="25">
      <photo path="../../../images/DSC_0279.JPG">
        <meta>
          <property name="Exif/DateTime" value="2016:10:28 16:22:08"/>
          <property name="Exif/DateTimeOriginal" value="2016:10:28 16:22:08"/>
          <property name="Exif/ExposureTime" value="0.0125"/>
          <property name="Exif/FNumber" value="3.5"/>
          <property name="Exif/FocalLength" value="18"/>
          <property name="Exif/FocalLengthIn35mmFilm" value="27"/>
          <property name="Exif/ISOSpeedRatings" value="1600"/>
          <property name="Exif/Make" value="NIKON CORPORATION"/>
          <property name="Exif/Model" value="NIKON D5100"/>
          <property name="Exif/Orientation" value="1"/>
          <property name="Exif/Software" value="Ver.1.01 "/>
          <property name="File/ImageHeight" value="3264"/>
          <property name="File/ImageWidth" value="4928"/>
          <property name="System/FileModifyDate" value="2016:10:28 16:22:08"/>
          <property name="System/FileSize" value="7423067"/>
        </meta>
      </photo>
    </camera>
    <camera camera_id="26">
      <photo path="../../../images/DSC_0280.JPG">
        <meta>
          <property name="Exif/DateTime" value="2016:10:28 16:22:09"/>
          <property name="Exif/DateTimeOriginal" value="2016:10:28 16:22:09"/>
          <property name="Exif/ExposureTime" value="0.0166666666666667"/>
          <property name="Exif/FNumber" value="3.5"/>
          <property name="Exif/FocalLength" value="18"/>
          <property name="Exif/FocalLengthIn35mmFilm" value="27"/>
          <property name="Exif/ISOSpeedRatings" value="1600"/>
          <property name="Exif/Make" value="NIKON CORPORATION"/>
          <property name="Exif/Model" value="NIKON D5100"/>
          <property name="Exif/Orientation" value="1"/>
          <property name="Exif/Software" value="Ver.1.01 "/>
          <property name="File/ImageHeight" value="3264"/>
          <property name="File/ImageWidth" value="4928"/>
          <property name="System/FileModifyDate" value="2016:10:28 16:22:10"/>
          <property name="System/FileSize" value="7382062"/>
        </meta>
      </photo>
    </camera>
    <camera camera_id="27">
      <photo path="../../../images/DSC_0281.JPG">
        <meta>
          <property name="Exif/DateTime" value="2016:10:28 16:22:10"/>
          <property name="Exif/DateTimeOriginal" value="2016:10:28 16:22:10"/>
          <property name="Exif/ExposureTime" value="0.01"/>
          <property name="Exif/FNumber" value="3.5"/>
          <property name="Exif/FocalLength" value="18"/>
          <property name="Exif/FocalLengthIn35mmFilm" value="27"/>
          <property name="Exif/ISOSpeedRatings" value="1600"/>
          <property name="Exif/Make" value="NIKON CORPORATION"/>
          <property name="Exif/Model" value="NIKON D5100"/>
          <property name="Exif/Orientation" value="1"/>
          <property name="Exif/Software" value="Ver.1.01 "/>
          <property name="File/ImageHeight" value="3264"/>
          <property name="File/ImageWidth" value="4928"/>
          <property name="System/FileModifyDate" value="2016:10:28 16:22:10"/>
          <property name="System/FileSize" value="7662850"/>
        </meta>
      </photo>
    </camera>
    <camera camera_id="28">
      <photo path="../../../images/DSC_0282.JPG">
        <meta>
          <property name="Exif/DateTime" value="2016:10:28 16:22:11"/>
          <property name="Exif/DateTimeOriginal" value="2016:10:28 16:22:11"/>
          <property name="Exif/ExposureTime" value="0.01"/>
          <property name="Exif/FNumber" value="3.5"/>
          <property name="Exif/FocalLength" value="18"/>
          <property name="Exif/FocalLengthIn35mmFilm" value="27"/>
          <property name="Exif/ISOSpeedRatings" value="1600"/>
          <property name="Exif/Make" value="NIKON CORPORATION"/>
          <property name="Exif/Model" value="NIKON D5100"/>
          <property name="Exif/Orientation" value="1"/>
          <property name="Exif/Software" value="Ver.1.01 "/>
          <property name="File/ImageHeight" value="3264"/>
          <property name="File/ImageWidth" value="4928"/>
          <property name="System/FileModifyDate" value="2016:10:28 16:22:12"/>
          <property name="System/FileSize" value="7374168"/>
        </meta>
      </photo>
    </camera>
    <camera camera_id="29">
      <photo path="../../../images/DSC_0283.JPG">
        <meta>
          <property name="Exif/DateTime" value="2016:10:28 16:22:13"/>
          <property name="Exif/DateTimeOriginal" value="2016:10:28 16:22:13"/>
          <property name="Exif/ExposureTime" value="0.01"/>
          <property name="Exif/FNumber" value="3.5"/>
          <property name="Exif/FocalLength" value="18"/>
          <property name="Exif/FocalLengthIn35mmFilm" value="27"/>
          <property name="Exif/ISOSpeedRatings" value="1600"/>
          <property name="Exif/Make" value="NIKON CORPORATION"/>
          <property name="Exif/Model" value="NIKON D5100"/>
          <property name="Exif/Orientation" value="1"/>
          <property name="Exif/Software" value="Ver.1.01 "/>
          <property name="File/ImageHeight" value="3264"/>
          <property name="File/ImageWidth" value="4928"/>
          <property name="System/FileModifyDate" value="2016:10:28 16:22:14"/>
          <property name="System/FileSize" value="7467131"/>
        </meta>
      </photo>
    </camera>
    <camera camera_id="30">
      <photo path="../../../images/DSC_0284.JPG">
        <meta>
          <property name="Exif/DateTime" value="2016:10:28 16:22:14"/>
          <property name="Exif/DateTimeOriginal" value="2016:10:28 16:22:14"/>
          <property name="Exif/ExposureTime" value="0.008"/>
          <property name="Exif/FNumber" value="3.5"/>
          <property name="Exif/FocalLength" value="18"/>
          <property name="Exif/FocalLengthIn35mmFilm" value="27"/>
          <property name="Exif/ISOSpeedRatings" value="1600"/>
          <property name="Exif/Make" value="NIKON CORPORATION"/>
          <property name="Exif/Model" value="NIKON D5100"/>
          <property name="Exif/Orientation" value="1"/>
          <property name="Exif/Software" value="Ver.1.01 "/>
          <property name="File/ImageHeight" value="3264"/>
          <property name="File/ImageWidth" value="4928"/>
          <property name="System/FileModifyDate" value="2016:10:28 16:22:14"/>
          <property name="System/FileSize" value="7695669"/>
        </meta>
      </photo>
    </camera>
    <camera camera_id="31">
      <photo path="../../../images/DSC_0285.JPG">
        <meta>
          <property name="Exif/DateTime" value="2016:10:28 16:22:15"/>
          <property name="Exif/DateTimeOriginal" value="2016:10:28 16:22:15"/>
          <property name="Exif/ExposureTime" value="0.008"/>
          <property name="Exif/FNumber" value="3.5"/>
          <property name="Exif/FocalLength" value="18"/>
          <property name="Exif/FocalLengthIn35mmFilm" value="27"/>
          <property name="Exif/ISOSpeedRatings" value="1600"/>
          <property name="Exif/Make" value="NIKON CORPORATION"/>
          <property name="Exif/Model" value="NIKON D5100"/>
          <property name="Exif/Orientation" value="1"/>
          <property name="Exif/Software" value="Ver.1.01 "/>
          <property name="File/ImageHeight" value="3264"/>
          <property name="File/ImageWidth" value="4928"/>
          <property name="System/FileModifyDate" value="2016:10:28 16:22:16"/>
          <property name="System/FileSize" value="7884975"/>
        </meta>
      </photo>
    </camera>
    <camera camera_id="32">
      <photo path="../../../images/DSC_0286.JPG">
        <meta>
          <property name="Exif/DateTime" value="2016:10:28 16:22:16"/>
          <property name="Exif/DateTimeOriginal" value="2016:10:28 16:22:16"/>
          <property name="Exif/ExposureTime" value="0.01"/>
          <property name="Exif/FNumber" value="3.5"/>
          <property name="Exif/FocalLength" value="18"/>
          <property name="Exif/FocalLengthIn35mmFilm" value="27"/>
          <property name="Exif/ISOSpeedRatings" value="1600"/>
          <property name="Exif/Make" value="NIKON CORPORATION"/>
          <property name="Exif/Model" value="NIKON D5100"/>
          <property name="Exif/Orientation" value="1"/>
          <property name="Exif/Software" value="Ver.1.01 "/>
          <property name="File/ImageHeight" value="3264"/>
          <property name="File/ImageWidth" value="4928"/>
          <property name="System/FileModifyDate" value="2016:10:28 16:22:16"/>
          <property name="System/FileSize" value="7671454"/>
        </meta>
      </photo>
    </camera>
    <camera camera_id="33">
      <photo path="../../../images/DSC_0287.JPG">
        <meta>
          <property name="Exif/DateTime" value="2016:10:28 16:22:17"/>
          <property name="Exif/DateTimeOriginal" value="2016:10:28 16:22:17"/>
          <property name="Exif/ExposureTime" value="0.01"/>
          <property name="Exif/FNumber" value="3.5"/>
          <property name="Exif/FocalLength" value="18"/>
          <property name="Exif/FocalLengthIn35mmFilm" value="27"/>
          <property name="Exif/ISOSpeedRatings" value="1600"/>
          <property name="Exif/Make" value="NIKON CORPORATION"/>
          <property name="Exif/Model" value="NIKON D5100"/>
          <property name="Exif/Orientation" value="8"/>
          <property name="Exif/Software" value="Ver.1.01 "/>
          <property name="File/ImageHeight" value="3264"/>
          <property name="File/ImageWidth" value="4928"/>
          <property name="System/FileModifyDate" value="2016:10:28 16:22:18"/>
          <property name="System/FileSize" value="7697350"/>
        </meta>
      </photo>
    </camera>
    <camera camera_id="34">
      <photo path="../../../images/DSC_0288.JPG">
        <meta>
          <property name="Exif/DateTime" value="2016:10:28 16:22:19"/>
          <property name="Exif/DateTimeOriginal" value="2016:10:28 16:22:19"/>
          <property name="Exif/ExposureTime" value="0.008"/>
          <property name="Exif/FNumber" value="3.5"/>
          <property name="Exif/FocalLength" value="18"/>
          <property name="Exif/FocalLengthIn35mmFilm" value="27"/>
          <property name="Exif/ISOSpeedRatings" value="1600"/>
          <property name="Exif/Make" value="NIKON CORPORATION"/>
          <property name="Exif/Model" value="NIKON D5100"/>
          <property name="Exif/Orientation" value="8"/>
          <property name="Exif/Software" value="Ver.1.01 "/>
          <property name="File/ImageHeight" value="3264"/>
          <property name="File/ImageWidth" value="4928"/>
          <property name="System/FileModifyDate" value="2016:10:28 16:22:18"/>
          <property name="System/FileSize" value="7482692"/>
        </meta>
      </photo>
    </camera>
    <camera camera_id="35">
      <photo path="../../../images/DSC_0289.JPG">
        <meta>
          <property name="Exif/DateTime" value="2016:10:28 16:22:22"/>
          <property name="Exif/DateTimeOriginal" value="2016:10:28 16:22:22"/>
          <property name="Exif/ExposureTime" value="0.00625"/>
          <property name="Exif/FNumber" value="3.5"/>
          <property name="Exif/FocalLength" value="18"/>
          <property name="Exif/FocalLengthIn35mmFilm" value="27"/>
          <property name="Exif/ISOSpeedRatings" value="1600"/>
          <property name="Exif/Make" value="NIKON CORPORATION"/>
          <property name="Exif/Model" value="NIKON D5100"/>
          <property name="Exif/Orientation" value="1"/>
          <property name="Exif/Software" value="Ver.1.01 "/>
          <property name="File/ImageHeight" value="3264"/>
          <property name="File/ImageWidth" value="4928"/>
          <property name="System/FileModifyDate" value="2016:10:28 16:22:22"/>
          <property name="System/FileSize" value="6865271"/>
        </meta>
      </photo>
    </camera>
    <camera camera_id="36">
      <photo path="../../../images/DSC_0290.JPG">
        <meta>
          <property name="Exif/DateTime" value="2016:10:28 16:22:23"/>
          <property name="Exif/DateTimeOriginal" value="2016:10:28 16:22:23"/>
          <property name="Exif/ExposureTime" value="0.0125"/>
          <property name="Exif/FNumber" value="3.5"/>
          <property name="Exif/FocalLength" value="18"/>
          <property name="Exif/FocalLengthIn35mmFilm" value="27"/>
          <property name="Exif/ISOSpeedRatings" value="1600"/>
          <property name="Exif/Make" value="NIKON CORPORATION"/>
          <property name="Exif/Model" value="NIKON D5100"/>
          <property name="Exif/Orientation" value="1"/>
          <property name="Exif/Software" value="Ver.1.01 "/>
          <property name="File/ImageHeight" value="3264"/>
          <property name="File/ImageWidth" value="4928"/>
          <property name="System/FileModifyDate" value="2016:10:28 16:22:24"/>
          <property name="System/FileSize" value="7088023"/>
        </meta>
      </photo>
    </camera>
    <camera camera_id="37">
      <photo path="../../../images/DSC_0291.JPG">
        <meta>
          <property name="Exif/DateTime" value="2016:10:28 16:22:24"/>
          <property name="Exif/DateTimeOriginal" value="2016:10:28 16:22:24"/>
          <property name="Exif/ExposureTime" value="0.0125"/>
          <property name="Exif/FNumber" value="3.5"/>
          <property name="Exif/FocalLength" value="18"/>
          <property name="Exif/FocalLengthIn35mmFilm" value="27"/>
          <property name="Exif/ISOSpeedRatings" value="1600"/>
          <property name="Exif/Make" value="NIKON CORPORATION"/>
          <property name="Exif/Model" value="NIKON D5100"/>
          <property name="Exif/Orientation" value="1"/>
          <property name="Exif/Software" value="Ver.1.01 "/>
          <property name="File/ImageHeight" value="3264"/>
          <property name="File/ImageWidth" value="4928"/>
          <property name="System/FileModifyDate" value="2016:10:28 16:22:24"/>
          <property name="System/FileSize" value="7291308"/>
        </meta>
      </photo>
    </camera>
    <camera camera_id="38">
      <photo path="../../../images/DSC_0292.JPG">
        <meta>
          <property name="Exif/DateTime" value="2016:10:28 16:22:27"/>
          <property name="Exif/DateTimeOriginal" value="2016:10:28 16:22:27"/>
          <property name="Exif/ExposureTime" value="0.01"/>
          <property name="Exif/FNumber" value="3.5"/>
          <property name="Exif/FocalLength" value="18"/>
          <property name="Exif/FocalLengthIn35mmFilm" value="27"/>
          <property name="Exif/ISOSpeedRatings" value="1600"/>
          <property name="Exif/Make" value="NIKON CORPORATION"/>
          <property name="Exif/Model" value="NIKON D5100"/>
          <property name="Exif/Orientation" value="6"/>
          <property name="Exif/Software" value="Ver.1.01 "/>
          <property name="File/ImageHeight" value="3264"/>
          <property name="File/ImageWidth" value="4928"/>
          <property name="System/FileModifyDate" value="2016:10:28 16:22:26"/>
          <property name="System/FileSize" value="7458706"/>
        </meta>
      </photo>
    </camera>
    <camera camera_id="39">
      <photo path="../../../images/DSC_0293.JPG">
        <meta>
          <property name="Exif/DateTime" value="2016:10:28 16:22:30"/>
          <property name="Exif/DateTimeOriginal" value="2016:10:28 16:22:30"/>
          <property name="Exif/ExposureTime" value="0.0125"/>
          <property name="Exif/FNumber" value="3.5"/>
          <property name="Exif/FocalLength" value="18"/>
          <property name="Exif/FocalLengthIn35mmFilm" value="27"/>
          <property name="Exif/ISOSpeedRatings" value="1600"/>
          <property name="Exif/Make" value="NIKON CORPORATION"/>
          <property name="Exif/Model" value="NIKON D5100"/>
          <property name="Exif/Orientation" value="6"/>
          <property name="Exif/Software" value="Ver.1.01 "/>
          <property name="File/ImageHeight" value="3264"/>
          <property name="File/ImageWidth" value="4928"/>
          <property name="System/FileModifyDate" value="2016:10:28 16:22:30"/>
          <property name="System/FileSize" value="7008491"/>
        </meta>
      </photo>
    </camera>
    <camera camera_id="40">
      <photo path="../../../images/DSC_0294.JPG">
        <meta>
          <property name="Exif/DateTime" value="2016:10:28 16:22:31"/>
          <property name="Exif/DateTimeOriginal" value="2016:10:28 16:22:31"/>
          <property name="Exif/ExposureTime" value="0.0125"/>
          <property name="Exif/FNumber" value="3.5"/>
          <property name="Exif/FocalLength" value="18"/>
          <property name="Exif/FocalLengthIn35mmFilm" value="27"/>
          <property name="Exif/ISOSpeedRatings" value="1600"/>
          <property name="Exif/Make" value="NIKON CORPORATION"/>
          <property name="Exif/Model" value="NIKON D5100"/>
          <property name="Exif/Orientation" value="6"/>
          <property name="Exif/Software" value="Ver.1.01 "/>
          <property name="File/ImageHeight" value="3264"/>
          <property name="File/ImageWidth" value="4928"/>
          <property name="System/FileModifyDate" value="2016:10:28 16:22:32"/>
          <property name="System/FileSize" value="7056823"/>
        </meta>
      </photo>
    </camera>
    <camera camera_id="41">
      <photo path="../../../images/DSC_0295.JPG">
        <meta>
          <property name="Exif/DateTime" value="2016:10:28 16:22:33"/>
          <property name="Exif/DateTimeOriginal" value="2016:10:28 16:22:33"/>
          <property name="Exif/ExposureTime" value="0.01"/>
          <property name="Exif/FNumber" value="3.5"/>
          <property name="Exif/FocalLength" value="18"/>
          <property name="Exif/FocalLengthIn35mmFilm" value="27"/>
          <property name="Exif/ISOSpeedRatings" value="1600"/>
          <property name="Exif/Make" value="NIKON CORPORATION"/>
          <property name="Exif/Model" value="NIKON D5100"/>
          <property name="Exif/Orientation" value="6"/>
          <property name="Exif/Software" value="Ver.1.01 "/>
          <property name="File/ImageHeight" value="3264"/>
          <property name="File/ImageWidth" value="4928"/>
          <property name="System/FileModifyDate" value="2016:10:28 16:22:34"/>
          <property name="System/FileSize" value="6920987"/>
        </meta>
      </photo>
    </camera>
    <camera camera_id="42">
      <photo path="../../../images/DSC_0296.JPG">
        <meta>
          <property name="Exif/DateTime" value="2016:10:28 16:22:36"/>
          <property name="Exif/DateTimeOriginal" value="2016:10:28 16:22:36"/>
          <property name="Exif/ExposureTime" value="0.0125"/>
          <property name="Exif/FNumber" value="3.5"/>
          <property name="Exif/FocalLength" value="18"/>
          <property name="Exif/FocalLengthIn35mmFilm" value="27"/>
          <property name="Exif/ISOSpeedRatings" value="1600"/>
          <property name="Exif/Make" value="NIKON CORPORATION"/>
          <property name="Exif/Model" value="NIKON D5100"/>
          <property name="Exif/Orientation" value="6"/>
          <property name="Exif/Software" value="Ver.1.01 "/>
          <property name="File/ImageHeight" value="3264"/>
          <property name="File/ImageWidth" value="4928"/>
          <property name="System/FileModifyDate" value="2016:10:28 16:22:36"/>
          <property name="System/FileSize" value="6886575"/>
        </meta>
      </photo>
    </camera>
    <camera camera_id="43">
      <photo path="../../../images/DSC_0297.JPG">
        <meta>
          <property name="Exif/DateTime" value="2016:10:28 16:22:38"/>
          <property name="Exif/DateTimeOriginal" value="2016:10:28 16:22:38"/>
          <property name="Exif/ExposureTime" value="0.008"/>
          <property name="Exif/FNumber" value="3.5"/>
          <property name="Exif/FocalLength" value="18"/>
          <property name="Exif/FocalLengthIn35mmFilm" value="27"/>
          <property name="Exif/ISOSpeedRatings" value="1600"/>
          <property name="Exif/Make" value="NIKON CORPORATION"/>
          <property name="Exif/Model" value="NIKON D5100"/>
          <property name="Exif/Orientation" value="6"/>
          <property name="Exif/Software" value="Ver.1.01 "/>
          <property name="File/ImageHeight" value="3264"/>
          <property name="File/ImageWidth" value="4928"/>
          <property name="System/FileModifyDate" value="2016:10:28 16:22:38"/>
          <property name="System/FileSize" value="7238980"/>
        </meta>
      </photo>
    </camera>
    <camera camera_id="44">
      <photo path="../../../images/DSC_0298.JPG">
        <meta>
          <property name="Exif/DateTime" value="2016:10:28 16:22:40"/>
          <property name="Exif/DateTimeOriginal" value="2016:10:28 16:22:40"/>
          <property name="Exif/ExposureTime" value="0.0166666666666667"/>
          <property name="Exif/FNumber" value="3.5"/>
          <property name="Exif/FocalLength" value="18"/>
          <property name="Exif/FocalLengthIn35mmFilm" value="27"/>
          <property name="Exif/ISOSpeedRatings" value="1600"/>
          <property name="Exif/Make" value="NIKON CORPORATION"/>
          <property name="Exif/Model" value="NIKON D5100"/>
          <property name="Exif/Orientation" value="6"/>
          <property name="Exif/Software" value="Ver.1.01 "/>
          <property name="File/ImageHeight" value="3264"/>
          <property name="File/ImageWidth" value="4928"/>
          <property name="System/FileModifyDate" value="2016:10:28 16:22:40"/>
          <property name="System/FileSize" value="6987185"/>
        </meta>
      </photo>
    </camera>
    <camera camera_id="45">
      <photo path="../../../images/DSC_0299.JPG">
        <meta>
          <property name="Exif/DateTime" value="2016:10:28 16:22:41"/>
          <property name="Exif/DateTimeOriginal" value="2016:10:28 16:22:41"/>
          <property name="Exif/ExposureTime" value="0.01"/>
          <property name="Exif/FNumber" value="3.5"/>
          <property name="Exif/FocalLength" value="18"/>
          <property name="Exif/FocalLengthIn35mmFilm" value="27"/>
          <property name="Exif/ISOSpeedRatings" value="1600"/>
          <property name="Exif/Make" value="NIKON CORPORATION"/>
          <property name="Exif/Model" value="NIKON D5100"/>
          <property name="Exif/Orientation" value="6"/>
          <property name="Exif/Software" value="Ver.1.01 "/>
          <property name="File/ImageHeight" value="3264"/>
          <property name="File/ImageWidth" value="4928"/>
          <property name="System/FileModifyDate" value="2016:10:28 16:22:42"/>
          <property name="System/FileSize" value="7192282"/>
        </meta>
      </photo>
    </camera>
    <camera camera_id="46">
      <photo path="../../../images/DSC_0300.JPG">
        <meta>
          <property name="Exif/DateTime" value="2016:10:28 16:22:42"/>
          <property name="Exif/DateTimeOriginal" value="2016:10:28 16:22:42"/>
          <property name="Exif/ExposureTime" value="0.01"/>
          <property name="Exif/FNumber" value="3.5"/>
          <property name="Exif/FocalLength" value="18"/>
          <property name="Exif/FocalLengthIn35mmFilm" value="27"/>
          <property name="Exif/ISOSpeedRatings" value="1600"/>
          <property name="Exif/Make" value="NIKON CORPORATION"/>
          <property name="Exif/Model" value="NIKON D5100"/>
          <property name="Exif/Orientation" value="6"/>
          <property name="Exif/Software" value="Ver.1.01 "/>
          <property name="File/ImageHeight" value="3264"/>
          <property name="File/ImageWidth" value="4928"/>
          <property name="System/FileModifyDate" value="2016:10:28 16:22:42"/>
          <property name="System/FileSize" value="7174375"/>
        </meta>
      </photo>
    </camera>
    <camera camera_id="47">
      <photo path="../../../images/DSC_0301.JPG">
        <meta>
          <property name="Exif/DateTime" value="2016:10:28 16:22:43"/>
          <property name="Exif/DateTimeOriginal" value="2016:10:28 16:22:43"/>
          <property name="Exif/ExposureTime" value="0.01"/>
          <property name="Exif/FNumber" value="3.5"/>
          <property name="Exif/FocalLength" value="18"/>
          <property name="Exif/FocalLengthIn35mmFilm" value="27"/>
          <property name="Exif/ISOSpeedRatings" value="1600"/>
          <property name="Exif/Make" value="NIKON CORPORATION"/>
          <property name="Exif/Model" value="NIKON D5100"/>
          <property name="Exif/Orientation" value="1"/>
          <property name="Exif/Software" value="Ver.1.01 "/>
          <property name="File/ImageHeight" value="3264"/>
          <property name="File/ImageWidth" value="4928"/>
          <property name="System/FileModifyDate" value="2016:10:28 16:22:44"/>
          <property name="System/FileSize" value="7341065"/>
        </meta>
      </photo>
    </camera>
    <camera camera_id="48">
      <photo path="../../../images/DSC_0302.JPG">
        <meta>
          <property name="Exif/DateTime" value="2016:10:28 16:22:44"/>
          <property name="Exif/DateTimeOriginal" value="2016:10:28 16:22:44"/>
          <property name="Exif/ExposureTime" value="0.01"/>
          <property name="Exif/FNumber" value="3.5"/>
          <property name="Exif/FocalLength" value="18"/>
          <property name="Exif/FocalLengthIn35mmFilm" value="27"/>
          <property name="Exif/ISOSpeedRatings" value="1600"/>
          <property name="Exif/Make" value="NIKON CORPORATION"/>
          <property name="Exif/Model" value="NIKON D5100"/>
          <property name="Exif/Orientation" value="1"/>
          <property name="Exif/Software" value="Ver.1.01 "/>
          <property name="File/ImageHeight" value="3264"/>
          <property name="File/ImageWidth" value="4928"/>
          <property name="System/FileModifyDate" value="2016:10:28 16:22:44"/>
          <property name="System/FileSize" value="7135980"/>
        </meta>
      </photo>
    </camera>
    <camera camera_id="49">
      <photo path="../../../images/DSC_0303.JPG">
        <meta>
          <property name="Exif/DateTime" value="2016:10:28 16:22:45"/>
          <property name="Exif/DateTimeOriginal" value="2016:10:28 16:22:45"/>
          <property name="Exif/ExposureTime" value="0.01"/>
          <property name="Exif/FNumber" value="3.5"/>
          <property name="Exif/FocalLength" value="18"/>
          <property name="Exif/FocalLengthIn35mmFilm" value="27"/>
          <property name="Exif/ISOSpeedRatings" value="1600"/>
          <property name="Exif/Make" value="NIKON CORPORATION"/>
          <property name="Exif/Model" value="NIKON D5100"/>
          <property name="Exif/Orientation" value="6"/>
          <property name="Exif/Software" value="Ver.1.01 "/>
          <property name="File/ImageHeight" value="3264"/>
          <property name="File/ImageWidth" value="4928"/>
          <property name="System/FileModifyDate" value="2016:10:28 16:22:46"/>
          <property name="System/FileSize" value="6975750"/>
        </meta>
      </photo>
    </camera>
    <camera camera_id="50">
      <photo path="../../../images/DSC_0304.JPG">
        <meta>
          <property name="Exif/DateTime" value="2016:10:28 16:22:46"/>
          <property name="Exif/DateTimeOriginal" value="2016:10:28 16:22:46"/>
          <property name="Exif/ExposureTime" value="0.0125"/>
          <property name="Exif/FNumber" value="3.5"/>
          <property name="Exif/FocalLength" value="18"/>
          <property name="Exif/FocalLengthIn35mmFilm" value="27"/>
          <property name="Exif/ISOSpeedRatings" value="1600"/>
          <property name="Exif/Make" value="NIKON CORPORATION"/>
          <property name="Exif/Model" value="NIKON D5100"/>
          <property name="Exif/Orientation" value="6"/>
          <property name="Exif/Software" value="Ver.1.01 "/>
          <property name="File/ImageHeight" value="3264"/>
          <property name="File/ImageWidth" value="4928"/>
          <property name="System/FileModifyDate" value="2016:10:28 16:22:46"/>
          <property name="System/FileSize" value="6877653"/>
        </meta>
      </photo>
    </camera>
    <camera camera_id="51">
      <photo path="../../../images/DSC_0305.JPG">
        <meta>
          <property name="Exif/DateTime" value="2016:10:28 16:22:47"/>
          <property name="Exif/DateTimeOriginal" value="2016:10:28 16:22:47"/>
          <property name="Exif/ExposureTime" value="0.0125"/>
          <property name="Exif/FNumber" value="3.5"/>
          <property name="Exif/FocalLength" value="18"/>
          <property name="Exif/FocalLengthIn35mmFilm" value="27"/>
          <property name="Exif/ISOSpeedRatings" value="1600"/>
          <property name="Exif/Make" value="NIKON CORPORATION"/>
          <property name="Exif/Model" value="NIKON D5100"/>
          <property name="Exif/Orientation" value="6"/>
          <property name="Exif/Software" value="Ver.1.01 "/>
          <property name="File/ImageHeight" value="3264"/>
          <property name="File/ImageWidth" value="4928"/>
          <property name="System/FileModifyDate" value="2016:10:28 16:22:48"/>
          <property name="System/FileSize" value="7005107"/>
        </meta>
      </photo>
    </camera>
    <camera camera_id="52">
      <photo path="../../../images/DSC_0306.JPG">
        <meta>
          <property name="Exif/DateTime" value="2016:10:28 16:22:48"/>
          <property name="Exif/DateTimeOriginal" value="2016:10:28 16:22:48"/>
          <property name="Exif/ExposureTime" value="0.0125"/>
          <property name="Exif/FNumber" value="3.5"/>
          <property name="Exif/FocalLength" value="18"/>
          <property name="Exif/FocalLengthIn35mmFilm" value="27"/>
          <property name="Exif/ISOSpeedRatings" value="1600"/>
          <property name="Exif/Make" value="NIKON CORPORATION"/>
          <property name="Exif/Model" value="NIKON D5100"/>
          <property name="Exif/Orientation" value="6"/>
          <property name="Exif/Software" value="Ver.1.01 "/>
          <property name="File/ImageHeight" value="3264"/>
          <property name="File/ImageWidth" value="4928"/>
          <property name="System/FileModifyDate" value="2016:10:28 16:22:48"/>
          <property name="System/FileSize" value="7655378"/>
        </meta>
      </photo>
    </camera>
    <camera camera_id="53">
      <photo path="../../../images/DSC_0307.JPG">
        <meta>
          <property name="Exif/DateTime" value="2016:10:28 16:22:50"/>
          <property name="Exif/DateTimeOriginal" value="2016:10:28 16:22:50"/>
          <property name="Exif/ExposureTime" value="0.01"/>
          <property name="Exif/FNumber" value="3.5"/>
          <property name="Exif/FocalLength" value="18"/>
          <property name="Exif/FocalLengthIn35mmFilm" value="27"/>
          <property name="Exif/ISOSpeedRatings" value="1600"/>
          <property name="Exif/Make" value="NIKON CORPORATION"/>
          <property name="Exif/Model" value="NIKON D5100"/>
          <property name="Exif/Orientation" value="6"/>
          <property name="Exif/Software" value="Ver.1.01 "/>
          <property name="File/ImageHeight" value="3264"/>
          <property name="File/ImageWidth" value="4928"/>
          <property name="System/FileModifyDate" value="2016:10:28 16:22:50"/>
          <property name="System/FileSize" value="7344837"/>
        </meta>
      </photo>
    </camera>
    <camera camera_id="54">
      <photo path="../../../images/DSC_0308.JPG">
        <meta>
          <property name="Exif/DateTime" value="2016:10:28 16:22:52"/>
          <property name="Exif/DateTimeOriginal" value="2016:10:28 16:22:52"/>
          <property name="Exif/ExposureTime" value="0.01"/>
          <property name="Exif/FNumber" value="3.5"/>
          <property name="Exif/FocalLength" value="18"/>
          <property name="Exif/FocalLengthIn35mmFilm" value="27"/>
          <property name="Exif/ISOSpeedRatings" value="1600"/>
          <property name="Exif/Make" value="NIKON CORPORATION"/>
          <property name="Exif/Model" value="NIKON D5100"/>
          <property name="Exif/Orientation" value="1"/>
          <property name="Exif/Software" value="Ver.1.01 "/>
          <property name="File/ImageHeight" value="3264"/>
          <property name="File/ImageWidth" value="4928"/>
          <property name="System/FileModifyDate" value="2016:10:28 16:22:52"/>
          <property name="System/FileSize" value="7356958"/>
        </meta>
      </photo>
    </camera>
    <camera camera_id="55">
      <photo path="../../../images/DSC_0309.JPG">
        <meta>
          <property name="Exif/DateTime" value="2016:10:28 16:22:54"/>
          <property name="Exif/DateTimeOriginal" value="2016:10:28 16:22:54"/>
          <property name="Exif/ExposureTime" value="0.0125"/>
          <property name="Exif/FNumber" value="3.5"/>
          <property name="Exif/FocalLength" value="18"/>
          <property name="Exif/FocalLengthIn35mmFilm" value="27"/>
          <property name="Exif/ISOSpeedRatings" value="1600"/>
          <property name="Exif/Make" value="NIKON CORPORATION"/>
          <property name="Exif/Model" value="NIKON D5100"/>
          <property name="Exif/Orientation" value="1"/>
          <property name="Exif/Software" value="Ver.1.01 "/>
          <property name="File/ImageHeight" value="3264"/>
          <property name="File/ImageWidth" value="4928"/>
          <property name="System/FileModifyDate" value="2016:10:28 16:22:54"/>
          <property name="System/FileSize" value="7092789"/>
        </meta>
      </photo>
    </camera>
    <camera camera_id="56">
      <photo path="../../../images/DSC_0310.JPG">
        <meta>
          <property name="Exif/DateTime" value="2016:10:28 16:23:00"/>
          <property name="Exif/DateTimeOriginal" value="2016:10:28 16:23:00"/>
          <property name="Exif/ExposureTime" value="0.005"/>
          <property name="Exif/FNumber" value="3.5"/>
          <property name="Exif/FocalLength" value="18"/>
          <property name="Exif/FocalLengthIn35mmFilm" value="27"/>
          <property name="Exif/ISOSpeedRatings" value="1600"/>
          <property name="Exif/Make" value="NIKON CORPORATION"/>
          <property name="Exif/Model" value="NIKON D5100"/>
          <property name="Exif/Orientation" value="1"/>
          <property name="Exif/Software" value="Ver.1.01 "/>
          <property name="File/ImageHeight" value="3264"/>
          <property name="File/ImageWidth" value="4928"/>
          <property name="System/FileModifyDate" value="2016:10:28 16:23:00"/>
          <property name="System/FileSize" value="7289637"/>
        </meta>
      </photo>
    </camera>
    <camera camera_id="57">
      <photo path="../../../images/DSC_0311.JPG">
        <meta>
          <property name="Exif/DateTime" value="2016:10:28 16:23:01"/>
          <property name="Exif/DateTimeOriginal" value="2016:10:28 16:23:01"/>
          <property name="Exif/ExposureTime" value="0.005"/>
          <property name="Exif/FNumber" value="3.5"/>
          <property name="Exif/FocalLength" value="18"/>
          <property name="Exif/FocalLengthIn35mmFilm" value="27"/>
          <property name="Exif/ISOSpeedRatings" value="1600"/>
          <property name="Exif/Make" value="NIKON CORPORATION"/>
          <property name="Exif/Model" value="NIKON D5100"/>
          <property name="Exif/Orientation" value="1"/>
          <property name="Exif/Software" value="Ver.1.01 "/>
          <property name="File/ImageHeight" value="3264"/>
          <property name="File/ImageWidth" value="4928"/>
          <property name="System/FileModifyDate" value="2016:10:28 16:23:02"/>
          <property name="System/FileSize" value="7398284"/>
        </meta>
      </photo>
    </camera>
    <camera camera_id="58">
      <photo path="../../../images/DSC_0312.JPG">
        <meta>
          <property name="Exif/DateTime" value="2016:10:28 16:23:02"/>
          <property name="Exif/DateTimeOriginal" value="2016:10:28 16:23:02"/>
          <property name="Exif/ExposureTime" value="0.01"/>
          <property name="Exif/FNumber" value="3.5"/>
          <property name="Exif/FocalLength" value="18"/>
          <property name="Exif/FocalLengthIn35mmFilm" value="27"/>
          <property name="Exif/ISOSpeedRatings" value="1600"/>
          <property name="Exif/Make" value="NIKON CORPORATION"/>
          <property name="Exif/Model" value="NIKON D5100"/>
          <property name="Exif/Orientation" value="1"/>
          <property name="Exif/Software" value="Ver.1.01 "/>
          <property name="File/ImageHeight" value="3264"/>
          <property name="File/ImageWidth" value="4928"/>
          <property name="System/FileModifyDate" value="2016:10:28 16:23:02"/>
          <property name="System/FileSize" value="7211900"/>
        </meta>
      </photo>
    </camera>
    <camera camera_id="59">
      <photo path="../../../images/DSC_0313.JPG">
        <meta>
          <property name="Exif/DateTime" value="2016:10:28 16:23:03"/>
          <property name="Exif/DateTimeOriginal" value="2016:10:28 16:23:03"/>
          <property name="Exif/ExposureTime" value="0.008"/>
          <property name="Exif/FNumber" value="3.5"/>
          <property name="Exif/FocalLength" value="18"/>
          <property name="Exif/FocalLengthIn35mmFilm" value="27"/>
          <property name="Exif/ISOSpeedRatings" value="1600"/>
          <property name="Exif/Make" value="NIKON CORPORATION"/>
          <property name="Exif/Model" value="NIKON D5100"/>
          <property name="Exif/Orientation" value="1"/>
          <property name="Exif/Software" value="Ver.1.01 "/>
          <property name="File/ImageHeight" value="3264"/>
          <property name="File/ImageWidth" value="4928"/>
          <property name="System/FileModifyDate" value="2016:10:28 16:23:02"/>
          <property name="System/FileSize" value="7648362"/>
        </meta>
      </photo>
    </camera>
  </cameras>
  <masks path="masks/masks.zip"/>
  <thumbnails path="thumbnails/thumbnails.zip"/>
  <point_cloud path="point_cloud/point_cloud.zip"/>
  <depth_maps path="depth_maps/depth_maps.zip"/>
  <dense_cloud path="dense_cloud/dense_cloud.zip"/>
  <model path="model/model.zip"/>
</frame>
